{"train_loss_history": [0.012725948519073427, 0.004519305325811729, 0.0031522787088761107, 0.0026907616993412375, 0.0025677695201011376, 0.002566621344885789, 0.0024914228270063177, 0.0021089259047585075, 0.001761390994215617, 0.0014845795943983831, 0.0016456713849038352, 0.0016029703336243983, 0.001516416003141785, 0.0014949417876778171, 0.0015215605235425755, 0.0015160458904574625, 0.0015333873830968513, 0.0015395519352750854, 0.0015564657660434023, 0.0015840699867112561, 0.0015876057776040397, 0.0015541971195489168, 0.0015260750267771072, 0.0015316651712055317, 0.0015407397164381108, 0.0015182039001956581, 0.0015798932945472188, 0.0015813573641935363, 0.0015559840045170858, 0.001593157414754387, 0.0014794956718105824, 0.00155442442628555, 0.0015095434748218395, 0.001495972997508943, 0.001424230120028369, 0.0014821108750766143, 0.001380109893216286, 0.001425641581590753, 0.0012823110082536004, 0.0012855573470005766, 0.0011443852563388646, 0.001179291761945933, 0.0010184065082285087, 0.0010582796639937442, 0.0009158748493064195, 0.000996470160316676, 0.0008307732729008422, 0.0009502915716439019, 0.000755005933024222, 0.0009142349932517391, 0.0006576872212463059, 0.0008297630229208153, 0.0004275115938071394, 0.0004934758297167718, 0.00037297439466783545, 0.0004389443805848714, 0.00029775087532470936, 0.00037242063772282565, 0.0002654950822034152, 0.00034591787371027747, 0.00024544149255234515, 0.0003372511879206286, 0.000250724070610886, 0.00032588170397502837, 0.000269093152746791, 0.0002912096546424436, 0.0002694995976071368, 0.00024285684758069693, 0.00026641146550900887, 0.00024345695951524248, 0.00025588701519154713, 0.00027550689674171736, 0.00024421326365882124, 0.0002663526105152414, 0.0002468885374128149, 0.00024774184848865846, 0.00026403230640426045, 0.0002504327343558543, 0.0002514365758997883, 0.00024827092083796743, 0.00024370603323404795, 0.00024356364701816346, 0.00024519277048966613, 0.0002477893289324129, 0.0002519133278838126, 0.0002585259203442547, 0.0002649288665452332, 0.00027263614210824014, 0.000288314901990816, 0.0002770848681393545, 0.0002701292560232105, 0.0002471773649631359, 0.0002542536773034954, 0.00027149496199854186, 0.00029376381935435346, 0.0002974727660330245, 0.0002678399923752295, 0.00025347122664243216, 0.00026468501182534964, 0.00028752337548212383], "test_loss": 0.00013078650226816535, "optmizer": "Adam", "hyperparams": {"hidden_size": 100, "batch_size": 128, "clip_threshold": 0, "lr": 0.005, "weight_decay": 1e-06, "epochs": 100}}