{"train_loss_history": [0.01813116476022273, 0.004149459549992145, 0.0022242226169291363, 0.0013365115008104735, 0.001156446395023384, 0.0011115668914752387, 0.0010851664170976492, 0.001052187796228247, 0.0009665476792651123, 0.0006195600660329189, 0.0003881586262075042, 0.00033825299410809634, 0.00031794126799825247, 0.00030222308915550525, 0.00028772645665309097, 0.00027434598681033603, 0.0002620907486018524, 0.0002509852452424673, 0.0002408176117143417, 0.00023262265552412954], "test_loss": 0.00025345300673507154, "optmizer": "Adam", "hyperparams": {"window_size": 20, "batch_size": 64, "hidden_size": 20, "lr": 0.003, "weight_decay": 0, "epochs": 20}}